Filename,Instrument,Length,Acoustic_guitar,Bass_drum,Cello,Clarinet,Double_bass,Flute,Hi_hat,Saxophone,Snare_drum,Violin_or_fiddle,y_pred
8986cced.wav,Flute,7.06,0.0005818080971948802,6.763647979823872e-05,0.005749062169343233,0.00595516711473465,0.00018350392929278314,0.9701626896858215,5.044027420808561e-05,0.0008507018792442977,0.0013013818534091115,0.01509764976799488,Flute
9f522cda.wav,Flute,5.32,0.011028732173144817,3.837414624285884e-06,0.014972967095673084,0.09483754634857178,0.0006697445642203093,0.7838605046272278,1.628561039979104e-05,0.06762427091598511,0.001799438614398241,0.025186624377965927,Flute
35e97db3.wav,Flute,2.38,0.0001768429356161505,1.436313414160395e-05,0.011457054875791073,0.03794720768928528,6.286948337219656e-05,0.9006820917129517,2.6509522285778075e-05,0.009087562561035156,0.00038478904752992094,0.04016062244772911,Flute
6b27a847.wav,Flute,10.5,0.0007800488965585828,6.075242345104925e-05,0.009961406700313091,0.011443677358329296,9.593972936272621e-05,0.9455116391181946,0.0024942131713032722,0.014793685637414455,0.0014699939638376236,0.01338859461247921,Flute
3707da71.wav,Flute,8.86,0.04789263382554054,9.072252578334883e-05,0.04485449194908142,0.054231397807598114,0.004210134502500296,0.6766555309295654,0.026020746678113937,0.07107134908437729,0.019146500155329704,0.05582651495933533,Flute
85d6a7d2.wav,Flute,8.34,0.02449761889874935,8.220598829211667e-06,0.02217772789299488,0.02637864649295807,0.0005121317226439714,0.8484435677528381,0.01257697120308876,0.055002059787511826,0.00010488657426321879,0.010298133827745914,Flute
d14f5df1.wav,Flute,14.14,0.02741076797246933,0.00020128971664234996,0.05252884700894356,0.017918292433023453,0.00845204945653677,0.7954497337341309,0.005473229102790356,0.07805408537387848,0.0016697729006409645,0.012841788120567799,Flute
6a037ddf.wav,Flute,6.0,0.00758485309779644,0.012948728166520596,0.04547925665974617,0.015066071413457394,0.006908087525516748,0.7598706483840942,0.008168867789208889,0.08684201538562775,0.015377982519567013,0.041753482073545456,Flute
562d93f5.wav,Flute,8.04,0.0209867712110281,0.0053728860802948475,0.02116943709552288,0.025229189544916153,0.003425316186621785,0.8378116488456726,0.001196830882690847,0.03350429981946945,0.014769725501537323,0.03653368353843689,Flute
b0d9849d.wav,Flute,9.62,0.013698001392185688,0.006961433216929436,0.013586415909230709,0.04294346272945404,0.0046332827769219875,0.841458797454834,0.008730607107281685,0.014784379862248898,0.01795773021876812,0.03524598479270935,Flute
4bcc8a77.wav,Flute,3.0,0.01700034737586975,6.31052243988961e-05,0.007490611635148525,0.02170810103416443,0.0016157461795955896,0.8702114820480347,0.00012206386600155383,0.05616728216409683,0.020935410633683205,0.004685812164098024,Flute
b4b2b68d.wav,Flute,9.62,0.05051933601498604,0.0012493091635406017,0.17332805693149567,0.048438068479299545,0.03698381409049034,0.6502230763435364,0.001240319455973804,0.019674336537718773,0.010867150500416756,0.007476463448256254,Flute
c683f28f.wav,Flute,10.74,0.02946709841489792,1.5020694688061553e-09,3.702043613884598e-05,0.0016610585153102875,7.926765829324722e-05,0.9676830768585205,1.2222917990245552e-12,0.000988456537015736,8.201647694328074e-12,8.371327567147091e-05,Flute
fe76c972.wav,Flute,9.12,0.02571091800928116,0.00020086012955289334,0.05045853555202484,0.01737339422106743,0.006221836898475885,0.8193012475967407,0.004435312934219837,0.05664735287427902,0.00354026653803885,0.016110364347696304,Flute
ca8653d2.wav,Flute,8.64,0.011572044342756271,0.0037483093328773975,0.024963684380054474,0.014866828918457031,0.002503193449229002,0.8604722619056702,0.01244995929300785,0.06256653368473053,0.0013680506963282824,0.005489053670316935,Flute
3eaddda8.wav,Flute,7.96,0.08892681449651718,0.0008900254615582526,0.07166088372468948,0.060276322066783905,0.007177907973527908,0.588230311870575,0.005765926092863083,0.10600639134645462,0.011791198514401913,0.059274137020111084,Flute
55d52a69.wav,Flute,6.5,0.004124445840716362,0.006408046465367079,0.02221788838505745,0.01549303438514471,0.0038948662113398314,0.867197573184967,0.00500017823651433,0.04722445458173752,0.0016684146830812097,0.02677111327648163,Flute
dc6676ff.wav,Flute,4.0,0.0013677148381248116,0.0001336783025180921,0.030705632641911507,0.017679531127214432,0.00014938887034077197,0.7855656743049622,0.0006213177111931145,0.026095086708664894,0.0066481297835707664,0.13103394210338593,Flute
07db7f16.wav,Flute,6.72,0.0010374222183600068,0.014922269620001316,0.012982958927750587,0.012544776313006878,0.0060720788314938545,0.9035584926605225,0.0003394431550987065,0.008631243370473385,0.013921698555350304,0.025989627465605736,Flute
af227d6f.wav,Flute,8.5,0.018773479387164116,0.0004795735876541585,0.01730673760175705,0.0353732630610466,0.0029434612952172756,0.8341966271400452,0.0035236873663961887,0.07346378266811371,0.0005040609394200146,0.013435371220111847,Flute
6ef82473.wav,Flute,13.9,0.030115928500890732,0.00018753248150460422,0.055090345442295074,0.02492292784154415,0.034897297620773315,0.760536789894104,0.02872888371348381,0.05979154631495476,0.0008810260333120823,0.004847981967031956,Flute
84f5b84b.wav,Flute,10.24,0.005209708120673895,2.1547577055969214e-09,0.0017787531251087785,0.009515269659459591,5.735076774726622e-05,0.982494592666626,1.4528669933788763e-10,0.0006482145399786532,1.9793847627624928e-07,0.0002957101969514042,Flute
5d73ee6f.wav,Flute,8.6,0.06825625151395798,0.010033735074102879,0.06481466442346573,0.021839311346411705,0.010920892469584942,0.5392431020736694,0.053600698709487915,0.077109195291996,0.03872166946530342,0.11546056717634201,Flute
1b93aeba.wav,Flute,3.5,0.03822934627532959,3.615415167246283e-08,0.0030325711704790592,0.010171614587306976,0.00017317288438789546,0.9019231796264648,4.056767465954181e-06,0.011096435599029064,7.56444478611229e-06,0.03536203131079674,Flute
9f6eac9c.wav,Flute,10.04,0.006944136694073677,0.0002883918350562453,0.014660215005278587,0.05165262892842293,0.0010056602768599987,0.867719292640686,0.018310949206352234,0.02444295585155487,0.007201663684099913,0.00777403824031353,Flute
f5e20dce.wav,Flute,8.8,0.13890741765499115,0.003011213382706046,0.2931625545024872,0.05971870571374893,0.04333607107400894,0.1705528199672699,0.019837679341435432,0.11988645046949387,0.07556764036417007,0.07601944357156754,Cello
5d040c3b.wav,Flute,8.38,0.003100140020251274,0.00023887184215709567,0.011554881930351257,0.002910495037212968,0.002596746664494276,0.9557562470436096,3.753497003344819e-05,0.010506595484912395,0.002503178082406521,0.010795390233397484,Flute
61c914b1.wav,Flute,7.66,0.0004288263153284788,0.0005967391771264374,0.004783399403095245,0.19886216521263123,0.00023979340039659292,0.7720282673835754,0.00012674368917942047,0.002098438795655966,0.00046726985601708293,0.020368406549096107,Flute
18865530.wav,Flute,5.08,0.0030339639633893967,0.00012071592209395021,0.023305125534534454,0.03502750024199486,0.000130262560560368,0.8386530876159668,0.00026163423899561167,0.021174220368266106,0.04158422723412514,0.03670931234955788,Flute
fa32109e.wav,Flute,10.38,0.007078026887029409,0.0008529361221008003,0.030513502657413483,0.038755014538764954,0.005253041163086891,0.8525219559669495,0.010148282162845135,0.0395062156021595,0.003514312906190753,0.011856830678880215,Flute
565f3ee2.wav,Bass_drum,1.56,0.000971935864072293,0.8390451073646545,0.0505242720246315,0.008833357132971287,0.09228138625621796,4.426486339070834e-05,0.0027683398220688105,0.002400720724835992,0.0030054613016545773,0.00012525953934527934,Bass_drum
ce3f3400.wav,Bass_drum,1.62,0.06738308072090149,0.5004701018333435,0.1555243581533432,0.06700196117162704,0.09981992840766907,0.0029204203747212887,0.0028426572680473328,0.008363788016140461,0.05950247496366501,0.036171235144138336,Bass_drum
921eee9d.wav,Bass_drum,1.3,0.0017066624714061618,0.6535581946372986,0.014796155504882336,0.0014304659562185407,0.016028592362999916,0.009245029650628567,0.0030673311557620764,0.0012039655121043324,0.04350629076361656,0.2554573714733124,Bass_drum
7d11b3b4.wav,Bass_drum,2.0,4.567723590298556e-05,0.9342008829116821,0.002813092665746808,0.0009283691761083901,0.06178303807973862,9.539643315292778e-07,0.00011762446956709027,6.144541839603335e-05,4.625168730854057e-05,2.7157018394063925e-06,Bass_drum
f8a99b37.wav,Bass_drum,2.08,0.002069831360131502,0.7867885828018188,0.06067023426294327,0.010826553218066692,0.08357223868370056,0.004438437055796385,0.0014965898590162396,0.00747448205947876,0.008797298185527325,0.0338657908141613,Bass_drum
bea51ca5.wav,Bass_drum,2.0,0.0435451865196228,0.39007389545440674,0.03266654163599014,0.008253204636275768,0.44458311796188354,0.02844833955168724,0.01202823780477047,0.01032384391874075,0.017784003168344498,0.012293579056859016,Double_bass
52e54bdd.wav,Bass_drum,2.44,0.037629518657922745,0.316474974155426,0.19468478858470917,0.01652419939637184,0.1522422581911087,0.01104547269642353,0.005408102180808783,0.014111136086285114,0.07833928614854813,0.17354026436805725,Bass_drum
809ea09e.wav,Bass_drum,2.08,0.002293897792696953,0.8221913576126099,0.03852181136608124,0.012779484502971172,0.06995344161987305,0.0026191279757767916,0.0029968160670250654,0.008679458871483803,0.010476444847881794,0.02948818728327751,Bass_drum
01c2f88b.wav,Bass_drum,2.08,0.0010811141692101955,0.8073375821113586,0.040840182453393936,0.012113836593925953,0.04495010897517204,0.004758685827255249,0.017811106517910957,0.019064879044890404,0.019046379253268242,0.032996173948049545,Bass_drum
4ba2b70e.wav,Bass_drum,1.34,6.407374257832998e-06,0.943701982498169,0.0009840860730037093,0.00027914674137718976,0.04413154348731041,0.00025068287504836917,0.0003427811898291111,0.010068011470139027,1.092856200557435e-05,0.0002244452916784212,Bass_drum
7dda9dc2.wav,Bass_drum,1.78,0.012857779860496521,0.4722224473953247,0.104009248316288,0.004868478048592806,0.1084737777709961,0.006125427782535553,0.004896922968327999,0.00857661571353674,0.130825012922287,0.14714427292346954,Bass_drum
f26131d8.wav,Bass_drum,1.64,1.727615926938597e-05,0.7898051738739014,0.002355749486014247,0.004151471890509129,0.034683384001255035,0.004090978763997555,0.052340585738420486,0.07714667171239853,0.03460128977894783,0.0008073665667325258,Bass_drum
ff11628d.wav,Bass_drum,2.08,0.0025443516205996275,0.7855035066604614,0.05612974241375923,0.012327534146606922,0.07735474407672882,0.004864768125116825,0.0018740721279755235,0.010088120587170124,0.010088734328746796,0.039224397391080856,Bass_drum
0ddb4bdf.wav,Bass_drum,2.08,0.0019842658657580614,0.8005903959274292,0.055139344185590744,0.013030098751187325,0.07634376734495163,0.004114053212106228,0.0015478378627449274,0.008230742067098618,0.006455425173044205,0.03256399929523468,Bass_drum
6d21ad67.wav,Bass_drum,2.9,0.0016666672891005874,0.7781031727790833,0.12080924957990646,0.007477886043488979,0.05745163932442665,0.0008820001967251301,0.027129236608743668,0.003977680113166571,0.0021469909697771072,0.0003554267168510705,Bass_drum
aa9ae956.wav,Bass_drum,2.08,0.003108140779659152,0.7355866432189941,0.07720349729061127,0.01356401015073061,0.10184817016124725,0.004183539189398289,0.00200631539337337,0.0062791891396045685,0.011153435334563255,0.045067060738801956,Bass_drum
6a96272b.wav,Bass_drum,2.0,0.00026521694962866604,0.7096114754676819,0.12187903374433517,0.0028449357487261295,0.16413694620132446,0.0006907511269673705,0.00024105297052301466,0.0001297295093536377,0.00017003525863401592,3.082925468333997e-05,Bass_drum
3a9085ca.wav,Bass_drum,1.34,0.0021746610291302204,0.6023632287979126,0.02100580558180809,0.0037943068891763687,0.09391028434038162,0.0041072615422308445,0.0020605383906513453,0.18436788022518158,0.02225521020591259,0.06396084278821945,Bass_drum
cdfc8967.wav,Bass_drum,1.0,0.007352242711931467,0.5479542016983032,0.1587943136692047,0.010522427968680859,0.10361425578594208,0.010443653911352158,0.0057321712374687195,0.005620826501399279,0.03780031576752663,0.11216559261083603,Bass_drum
9adffd44.wav,Bass_drum,5.0,0.0020395219326019287,0.9313638806343079,0.005741963628679514,0.0008807550184428692,0.059235066175460815,2.6542931664153002e-05,0.00015956649440340698,7.395981083391234e-05,0.00013902116916142404,0.00033966265618801117,Bass_drum
63e0ab2c.wav,Bass_drum,2.08,0.0018521088641136885,0.8038632869720459,0.06016576290130615,0.011437248438596725,0.0745398998260498,0.0025188715662807226,0.001312894863076508,0.0095265693962574,0.009819489903748035,0.024963803589344025,Bass_drum
ca3f3698.wav,Bass_drum,1.0,8.109945338219404e-05,0.9609631299972534,0.0013011604314669967,0.0006602557841688395,0.03681916743516922,7.748321877443232e-07,7.909545092843473e-05,3.639833812485449e-05,5.612858149106614e-05,2.85016812995309e-06,Bass_drum
9a4bfb69.wav,Bass_drum,1.88,0.0039658816531300545,0.7081232070922852,0.06482104957103729,0.007519762963056564,0.0842280462384224,0.008003334514796734,0.0022472883574664593,0.005655398592352867,0.014703529886901379,0.10073254257440567,Bass_drum
8b6a16de.wav,Bass_drum,1.58,8.162005542544648e-05,0.9530410170555115,0.0012735442724078894,0.0006409091292880476,0.0447869673371315,5.268367999633483e-07,8.770095155341551e-05,2.333457814529538e-05,6.239612412173301e-05,1.980241904675495e-06,Bass_drum
c153f347.wav,Bass_drum,1.86,0.0015720354858785868,0.8565913438796997,0.004638119600713253,0.001926736906170845,0.132345050573349,9.652571861806791e-06,0.000106620485894382,0.0018026683246716857,0.0008957609534263611,0.00011200935114175081,Bass_drum
c11bacda.wav,Bass_drum,1.02,0.002014643047004938,0.7935068011283875,0.056781016290187836,0.009905306622385979,0.06984465569257736,0.004736415576189756,0.0019269556505605578,0.011770359240472317,0.012914271093904972,0.03659955784678459,Bass_drum
ce75b5ce.wav,Bass_drum,1.34,0.00019939856429118663,0.8641564846038818,0.003432824043557048,0.0015970129752531648,0.12099077552556992,8.657614671392366e-05,0.0027899190317839384,0.006069912575185299,0.0005621421150863171,0.00011501681728987023,Bass_drum
bab98261.wav,Bass_drum,2.0,0.00034218429937027395,0.9629951119422913,0.005249610636383295,0.0005977090913802385,0.02985101379454136,1.4424339269680786e-06,3.06871224893257e-05,0.0005444237613119185,0.0003802866558544338,7.575673862447729e-06,Bass_drum
03fc1f96.wav,Bass_drum,1.18,0.05097869783639908,0.20480608940124512,0.10708463191986084,0.0030687793623656034,0.5473516583442688,0.006950192153453827,0.007422053255140781,0.002891913987696171,0.036810025572776794,0.032635949552059174,Double_bass
88780eac.wav,Bass_drum,3.78,0.005819201469421387,0.7619142532348633,0.042962994426488876,0.004101309459656477,0.040349870920181274,0.012607214041054249,0.003928302321583033,0.0027260135393589735,0.055816806852817535,0.06977403908967972,Bass_drum
f0dfe343.wav,Hi_hat,3.14,1.338544990403534e-07,7.227139576571062e-05,8.030374738154933e-05,0.00012596650049090385,1.4708466267165932e-07,0.001402605907060206,0.9941239356994629,0.0017158081755042076,0.0005422423710115254,0.001936574699357152,Hi_hat
3a3d0279.wav,Hi_hat,1.68,1.0331361863791244e-06,0.0019879343453794718,0.00014570385974366218,0.0001668021286604926,1.7777921357264859e-06,0.0004934438620693982,0.895191490650177,0.00022369752696249634,0.09866421669721603,0.003123829374089837,Hi_hat
d6854eb4.wav,Hi_hat,5.6,0.00044649362098425627,0.002628209302201867,0.0055235992185771465,0.0008972642826847732,0.00031059933826327324,0.009900049306452274,0.8898678421974182,0.02096947468817234,0.052018340677022934,0.017438121140003204,Hi_hat
99c96a07.wav,Hi_hat,1.72,0.0006086183129809797,0.013064391911029816,0.026769325137138367,0.004063112661242485,0.0003530128160491586,0.023090943694114685,0.6233599781990051,0.004584707319736481,0.22667312622070312,0.07743285596370697,Hi_hat
078f7ac0.wav,Hi_hat,3.14,3.1617679585593805e-09,0.00039326227852143347,1.5216004612739198e-05,0.00014029754674993455,8.408867557818667e-08,0.00040459580486640334,0.9933370351791382,0.000235041617997922,0.004974935203790665,0.0004995692288503051,Hi_hat
3aafb6ad.wav,Hi_hat,4.18,3.1877780770628306e-07,0.0002313428994966671,8.020235691219568e-05,0.00017526184092275798,1.609949720204895e-07,0.0012673886958509684,0.9100534319877625,0.0002182267198804766,0.035914596170186996,0.05205900967121124,Hi_hat
da4b0379.wav,Hi_hat,1.68,2.0986160365055184e-08,0.001304430770687759,3.606976679293439e-05,0.0001424695656169206,4.675029572354106e-07,0.00045637149014510214,0.9926630258560181,0.0001892681757453829,0.003988796379417181,0.0012191517744213343,Hi_hat
5ec7ad26.wav,Hi_hat,4.18,7.911276043159887e-06,0.0022800543811172247,0.004532571882009506,0.00666045444086194,4.412374983076006e-05,0.01728581264615059,0.9101418256759644,0.003969657234847546,0.039987098425626755,0.015090488828718662,Hi_hat
b31ed1fb.wav,Hi_hat,4.18,3.179582463985753e-08,1.4072261365072336e-05,1.3228473108028993e-05,4.469637860893272e-05,9.816142565455266e-09,0.000475213339086622,0.958903431892395,0.00010175909847021103,0.025434136390686035,0.015013565309345722,Hi_hat
8cd809d3.wav,Hi_hat,4.18,1.567116747480668e-08,0.00036358015495352447,9.478937863605097e-05,0.0005747625255025923,2.1209862666182744e-07,0.0025777264963835478,0.9619588255882263,0.0027776253409683704,0.011934876441955566,0.019717620685696602,Hi_hat
c53a217e.wav,Hi_hat,3.14,5.080720288930252e-10,0.00012722722021862864,7.751269549771678e-06,0.0001350262318737805,2.848309854641684e-08,0.00037920751492492855,0.9964158535003662,0.0002090876951115206,0.000569480296690017,0.002156252507120371,Hi_hat
34a90030.wav,Hi_hat,3.14,3.3948840960640325e-10,0.0002727638348005712,1.0009556717704982e-05,0.00014031938917469233,6.837544930249351e-08,0.0003845774626825005,0.9980906844139099,0.0002027294976869598,0.00028863464831374586,0.0006103141931816936,Hi_hat
3d3439f1.wav,Hi_hat,1.68,2.856422156582994e-07,0.002672277856618166,0.00015453321975655854,0.00028563966043293476,1.6996448266581865e-06,0.0007900841301307082,0.9290928840637207,0.00034597612102515996,0.06232787296175957,0.00432873610407114,Hi_hat
493c247b.wav,Hi_hat,3.14,1.0660411442486861e-09,0.00031484762439504266,8.430044545093551e-06,0.00011881707177963108,4.6393186181603596e-08,0.00036404866841621697,0.9968026876449585,0.00026471042656339705,0.0017927630105987191,0.0003337884263601154,Hi_hat
e897db78.wav,Hi_hat,4.18,4.204017134412652e-09,0.0010249647311866283,3.090953396167606e-05,0.00018850625201594085,2.8739574986502703e-07,0.0005122973234392703,0.9950332641601562,0.00028570450376719236,0.002244277624413371,0.0006798015674576163,Hi_hat
06c48eab.wav,Hi_hat,4.18,2.71075606406157e-07,0.001427041250281036,0.00040526295197196305,0.0006479192525148392,2.2801500563218724e-06,0.0017138454131782055,0.9530772566795349,0.0015001038555055857,0.03432647883892059,0.006899417378008366,Hi_hat
2503aaa1.wav,Hi_hat,3.14,2.2843917035775263e-10,0.0002638103615026921,9.449778190173674e-06,0.00013806122296955436,5.5008026578207136e-08,0.0002672257542144507,0.9978229999542236,0.000156861002324149,0.0009296608623117208,0.00041205206071026623,Hi_hat
a1b369d7.wav,Hi_hat,4.18,8.798668460485715e-10,0.00017711819964461029,9.27532892092131e-06,0.00012499572767410427,3.8923893441733526e-08,0.0003961716720368713,0.990687370300293,0.0001861497003119439,0.006833245512098074,0.0015856943791732192,Hi_hat
aed9d22f.wav,Hi_hat,3.14,3.5993552582880284e-10,0.0005099360132589936,1.245877047040267e-05,0.00018864522280637175,1.1178237002695823e-07,0.00033898503170348704,0.9965981841087341,0.0003889624204020947,0.0016898146132007241,0.00027286034310236573,Hi_hat
52300f9b.wav,Hi_hat,3.14,2.2901189278279332e-10,0.00011869399895658717,7.849447683838662e-06,0.00013288734771776944,1.935477023096155e-08,0.00038081788807176054,0.9862124919891357,9.15129785425961e-05,0.0008066743612289429,0.012249109335243702,Hi_hat
a7964699.wav,Hi_hat,4.18,1.0165614128254674e-07,0.0004635976511053741,5.858173608430661e-05,0.00017398492491338402,2.2949556921503245e-07,0.0009722237009555101,0.9454461336135864,0.0002773829910438508,0.02847873792052269,0.0241291094571352,Hi_hat
41897c32.wav,Hi_hat,4.18,1.4259984859599228e-10,9.390578634338453e-05,5.594416961685056e-06,0.0001030185230774805,1.8100028142953306e-08,0.00029883295064792037,0.9954716563224792,0.00011439661466283724,0.0022705921437591314,0.001641994807869196,Hi_hat
2032be87.wav,Hi_hat,3.14,7.268025070672479e-11,9.572663839207962e-05,4.690187324740691e-06,0.00016489501285832375,1.3381842300930202e-08,0.00035527130239643157,0.9959998726844788,0.00012426168541423976,0.0004679293488152325,0.002787436591461301,Hi_hat
da3f8050.wav,Hi_hat,3.14,4.214439996985675e-08,0.0001751843810779974,9.890444198390469e-05,0.0005221649189479649,1.9027699238449713e-07,0.0020497313234955072,0.9479519724845886,0.0005865563289262354,0.00433989567682147,0.04427540674805641,Hi_hat
468f9c4c.wav,Hi_hat,6.56,7.415942491206806e-06,0.000628512934781611,0.0007566888816654682,0.0013769508805125952,1.3976060472487006e-05,0.0041919490322470665,0.8939693570137024,0.0015999657334759831,0.009264755994081497,0.08819040656089783,Hi_hat
a090c45a.wav,Hi_hat,1.68,2.0976612447043408e-08,0.0015942910686135292,4.635520963347517e-05,0.0001540774101158604,3.5266910458631173e-07,0.00043344427831470966,0.9805933833122253,0.00016154155309777707,0.015600674785673618,0.0014158510603010654,Hi_hat
09a1cfd7.wav,Hi_hat,1.68,1.6010438912417158e-06,0.0014550011837854981,0.00014436428318731487,0.00023191906802821904,2.3847835564083653e-06,0.0006074029952287674,0.848547637462616,0.00027941499138250947,0.14481638371944427,0.003913845866918564,Hi_hat
612702c3.wav,Hi_hat,3.14,1.4630660571945953e-10,9.179384505841881e-05,1.6127842172863893e-05,0.00041896672337315977,5.783265422110162e-08,0.00043195896432735026,0.9971219897270203,0.0005263995844870806,0.0003256214258726686,0.0010670884512364864,Hi_hat
73677128.wav,Hi_hat,3.14,3.4782045299497355e-11,0.0001486948603997007,2.626440846142941e-06,9.643928933655843e-05,1.4571132744833903e-08,0.0001917244226206094,0.998917818069458,0.0001549256849102676,0.00027995105483569205,0.00020775980374310166,Hi_hat
0ed06544.wav,Hi_hat,3.14,2.066336435291305e-09,0.00018671466386877,8.731860361876898e-06,0.00010856633161893114,4.406864562156443e-08,0.00034344682353548706,0.9974992871284485,0.00016354615218006074,0.0010534877656027675,0.0006361041450873017,Hi_hat
b73c3595.wav,Violin_or_fiddle,2.72,0.001960469875484705,5.911848711548373e-05,0.011022252961993217,0.010215598158538342,0.0009191363933496177,0.006288739386945963,0.0005203777109272778,0.0012612560531124473,0.00996319018304348,0.9577900171279907,Violin_or_fiddle
c8c117dc.wav,Violin_or_fiddle,1.34,0.05203811079263687,0.009838788770139217,0.14749565720558167,0.0024057442788034678,0.007245158776640892,0.014474636875092983,0.002591120544821024,0.006165795028209686,0.08407814055681229,0.6736668348312378,Violin_or_fiddle
e3f479f3.wav,Violin_or_fiddle,15.24,0.0009837426478043199,0.00042099665733985603,0.0027795550413429737,0.0014876520726829767,0.0002124793827533722,0.007555703166872263,0.025123417377471924,0.01176129188388586,0.010351642034947872,0.9393233060836792,Violin_or_fiddle
6eb59008.wav,Violin_or_fiddle,1.46,1.3695236589228443e-07,5.476090336742345e-07,0.00025785400066524744,0.008284546434879303,7.245656092891295e-07,0.0035655226092785597,0.007113107945770025,4.646434899768792e-05,0.0014470497844740748,0.9792839288711548,Violin_or_fiddle
2424ad60.wav,Violin_or_fiddle,4.5,0.002424216829240322,0.00382142118178308,0.028693201020359993,0.008706841617822647,0.001827662461437285,0.028420455753803253,0.0004926599212922156,0.0059220450930297375,0.0049438634887337685,0.9147474765777588,Violin_or_fiddle
2cc8683d.wav,Violin_or_fiddle,6.34,0.009618907235562801,0.0047672213986516,0.014764887280762196,0.0008612929377704859,0.0020335146691650152,0.003709874814376235,0.0006115847500041127,0.0014043502742424607,0.008523737080395222,0.9537046551704407,Violin_or_fiddle
642aba58.wav,Violin_or_fiddle,1.3,0.4241982102394104,0.0004973344039171934,0.026923028752207756,0.0003528344095684588,0.009866767562925816,0.024030746892094612,0.00014320890477392823,0.022238781675696373,0.0005570001667365432,0.4911920130252838,Violin_or_fiddle
56e79c6f.wav,Violin_or_fiddle,16.68,0.0049216230399906635,8.839746442390606e-05,0.013306735083460808,0.030018914490938187,0.0004816107975784689,0.025683904066681862,0.054464396089315414,0.02121705189347267,0.005751773715019226,0.8440654277801514,Violin_or_fiddle
7eb9dac0.wav,Violin_or_fiddle,7.64,0.003604798810556531,0.003437606617808342,0.021337440237402916,0.002646541455760598,0.0014694794081151485,0.006372727919369936,0.011700861155986786,0.005002572666853666,0.026245132088661194,0.9181830883026123,Violin_or_fiddle
aab28420.wav,Violin_or_fiddle,2.68,0.0008199288276955485,0.01726173609495163,0.016632379963994026,0.0030433242209255695,0.006882230751216412,0.0044626509770751,0.0005266969674266875,0.001930610160343349,0.003864492056891322,0.9445759654045105,Violin_or_fiddle
848faca3.wav,Violin_or_fiddle,1.74,0.0029756969306617975,0.009138908237218857,0.05708131194114685,0.02995777502655983,0.004867135547101498,0.046197593212127686,0.005108742043375969,0.00480204913765192,0.01828698441386223,0.8215837478637695,Violin_or_fiddle
2e4a9850.wav,Violin_or_fiddle,1.06,0.017285261303186417,1.0526082405704074e-07,0.0005792412557639182,7.376994471997023e-05,1.0970185030600987e-05,0.0034509908873587847,7.239843853312777e-06,0.0009105099597945809,9.347312152385712e-05,0.977588415145874,Violin_or_fiddle
b38409bb.wav,Violin_or_fiddle,1.04,2.715575098122258e-09,7.185108064078349e-10,6.387087978509953e-06,0.0014152100775390863,1.034597119087266e-08,0.0005947656463831663,8.604928007116541e-05,1.1447028555267025e-05,1.2995434190088417e-05,0.997873067855835,Violin_or_fiddle
fec00143.wav,Violin_or_fiddle,6.28,0.00019785358745139092,0.00018456998805049807,0.004959177691489458,0.0009575093281455338,0.00011160246504005045,0.01644432544708252,0.0022999520879238844,0.0008928939932957292,0.002232535043731332,0.9717197418212891,Violin_or_fiddle
d914225a.wav,Violin_or_fiddle,4.02,0.20743778347969055,0.0021638337057083845,0.029411131516098976,0.0029181367717683315,0.03286631777882576,0.014038292691111565,0.0007369079976342618,0.023165494203567505,0.00978126935660839,0.6774808168411255,Violin_or_fiddle
ba648ac1.wav,Violin_or_fiddle,1.62,0.008898857980966568,0.004162408411502838,0.06245117634534836,0.005156545899808407,0.0026264158077538013,0.04912659898400307,0.0040804496966302395,0.009725716896355152,0.035745274275541306,0.8180266618728638,Violin_or_fiddle
d84c8c43.wav,Violin_or_fiddle,3.9,0.0007549633155576885,0.005569902714341879,0.011923324316740036,0.001605892088264227,0.0025162051897495985,0.0036030577030032873,0.0009966040961444378,0.0010966274421662092,0.010218638926744461,0.9617148637771606,Violin_or_fiddle
c9fb642d.wav,Violin_or_fiddle,1.76,0.11984647065401077,0.005953607149422169,0.05793723464012146,0.011939866468310356,0.008072011172771454,0.08090618997812271,0.0034114602021872997,0.10310197621583939,0.032475389540195465,0.5763558149337769,Violin_or_fiddle
cdeece57.wav,Violin_or_fiddle,3.52,0.03393574431538582,0.0008665092173032463,0.008447755128145218,0.000529585697222501,0.0005015255883336067,0.019157545641064644,0.0023626298643648624,0.012684657238423824,0.0012003693263977766,0.9203134775161743,Violin_or_fiddle
c6865306.wav,Violin_or_fiddle,19.28,0.03087339550256729,0.00022366126358974725,0.04684477299451828,0.018541013821959496,0.00476697226986289,0.022710710763931274,7.151896716095507e-05,0.03616633638739586,0.03461519256234169,0.80518639087677,Violin_or_fiddle
0e7cd4eb.wav,Violin_or_fiddle,6.08,0.012462490238249302,0.004484291188418865,0.05502628535032272,0.0030662724748253822,0.006098046898841858,0.00755205936729908,0.0012573158601298928,0.01721273735165596,0.02529844082891941,0.8675420880317688,Violin_or_fiddle
cdc5fe8e.wav,Violin_or_fiddle,1.5,0.303446501493454,0.0007628455059602857,0.016814585775136948,0.003527240362018347,0.01686040684580803,0.04397483915090561,0.002978537930175662,0.0573987141251564,0.1247619241476059,0.4294743835926056,Violin_or_fiddle
8d7d7dba.wav,Violin_or_fiddle,6.34,0.006581021938472986,0.005124226678162813,0.0310434028506279,0.0018024442251771688,0.008062630891799927,0.008434893563389778,0.0005221281317062676,0.010425199754536152,0.011509097181260586,0.9164947867393494,Violin_or_fiddle
cfb9c5fd.wav,Violin_or_fiddle,3.22,0.04733540862798691,0.0067873066291213036,0.03273642808198929,0.0011719785397872329,0.0059632230550050735,0.01948430761694908,0.004141968674957752,0.003740256419405341,0.12716196477413177,0.751477062702179,Violin_or_fiddle
7b6a119e.wav,Violin_or_fiddle,1.72,0.0002214725682279095,5.208538277656771e-05,0.008239458315074444,0.003603230230510235,4.0165308746509254e-05,0.029263455420732498,0.01345602236688137,0.0028135664761066437,0.10063239187002182,0.8416780829429626,Violin_or_fiddle
1b24c166.wav,Violin_or_fiddle,3.5,0.012907182797789574,0.04888644814491272,0.06298554688692093,0.006247770041227341,0.017753591760993004,0.043054576963186264,0.0030251045245677233,0.011317897588014603,0.03150010108947754,0.7623218894004822,Violin_or_fiddle
1148986e.wav,Violin_or_fiddle,1.94,0.43988409638404846,0.0019519591005519032,0.0672229528427124,0.002122935140505433,0.06212371960282326,0.011187169700860977,4.432254718267359e-05,0.08676659315824509,0.005306233186274767,0.32339000701904297,Acoustic_guitar
68589f79.wav,Violin_or_fiddle,3.0,0.0011376378824934363,0.021406140178442,0.020390279591083527,0.0019191772444173694,0.006365543231368065,0.002619172213599086,0.001541205565445125,0.0028723154682666063,0.006849766708910465,0.9348987340927124,Violin_or_fiddle
d6144e01.wav,Violin_or_fiddle,2.96,3.949946272840954e-11,1.7381901040031122e-12,4.221461153974815e-07,4.6196939365472645e-05,7.206921170954672e-10,2.7632140700006858e-05,0.001164413639344275,1.9903681902633252e-07,3.554559100393817e-07,0.9987608790397644,Violin_or_fiddle
21346775.wav,Violin_or_fiddle,1.52,0.04970851168036461,0.010333160869777203,0.08732356131076813,0.00299980491399765,0.008646691218018532,0.029810165986418724,0.0035901512019336224,0.01531307864934206,0.028706569224596024,0.7635682821273804,Violin_or_fiddle
f8d96888.wav,Saxophone,7.6,0.09642232954502106,0.00016338926798198372,0.04247240722179413,0.08411948382854462,0.009606528095901012,0.06768863648176193,5.6676646636333317e-05,0.6643770933151245,0.025604667142033577,0.00948889646679163,Saxophone
3a80061f.wav,Saxophone,8.12,0.04518735781311989,0.0002876652288250625,0.037027135491371155,0.05370991677045822,0.001327273901551962,0.07406899333000183,0.0032626185566186905,0.7612527012825012,0.008926628157496452,0.014949594624340534,Saxophone
9c0838c1.wav,Saxophone,9.78,0.027170652523636818,0.0061303842812776566,0.06118990480899811,0.005835465155541897,0.018985264003276825,0.1097659319639206,0.001988781150430441,0.729836642742157,0.028018895536661148,0.011077980510890484,Saxophone
c1948f24.wav,Saxophone,8.28,0.0006315161590464413,9.739131928654388e-05,0.0012387936003506184,0.005356591194868088,0.003269283100962639,0.059081729501485825,8.834323125483934e-06,0.9297736287117004,1.1920246834051795e-07,0.0005421167588792741,Saxophone
b83049f4.wav,Saxophone,6.66,0.0230559129267931,0.002020050771534443,0.02950199507176876,0.01566775143146515,0.007289115339517593,0.04566922038793564,0.012438416481018066,0.8324601054191589,0.024651918560266495,0.007245458662509918,Saxophone
5f0dc8e4.wav,Saxophone,5.0,0.003213967429473996,1.2322923339525005e-06,0.0002714335569180548,0.043029509484767914,0.0012001149589195848,0.007518271915614605,5.915221734653642e-08,0.9373422861099243,0.007258347235620022,0.00016471535491291434,Saxophone
8fa096bf.wav,Saxophone,3.7,0.043731506913900375,0.005224987864494324,0.02013874240219593,0.009431000798940659,0.007812150754034519,0.10805433243513107,0.01703793555498123,0.7439818978309631,0.02687341906130314,0.017714058980345726,Saxophone
ac097834.wav,Saxophone,2.82,0.006625095382332802,0.00612412765622139,0.015978142619132996,0.011174461804330349,0.0008874207851476967,0.032116975635290146,0.0030089602805674076,0.8964543342590332,0.01817362941801548,0.009456826373934746,Saxophone
4345851e.wav,Saxophone,11.24,0.08572453260421753,0.0003189502749592066,0.09207808971405029,0.014121132902801037,0.008295608684420586,0.046853598207235336,5.378992500482127e-05,0.7325981259346008,0.006612246390432119,0.013343842700123787,Saxophone
ab465bf9.wav,Saxophone,15.4,6.025526818120852e-05,5.529457484954037e-05,0.00014741570339538157,0.00019994456670247018,6.30024223937653e-05,0.07055982202291489,4.434256425156491e-06,0.9284899234771729,2.2297140276350547e-06,0.0004175703797955066,Saxophone
36d20ab5.wav,Saxophone,4.9,0.004162592813372612,0.0010398715967312455,0.03337177634239197,0.007839123718440533,0.004465789534151554,0.01950647495687008,0.013038519769906998,0.8859928250312805,0.018166618421673775,0.01241642888635397,Saxophone
b8c0a88a.wav,Saxophone,5.08,0.08964439481496811,7.229081120385672e-07,0.03663944453001022,0.1069331020116806,0.0002986228500958532,0.09176284074783325,5.716493433283176e-06,0.659641683101654,0.0005382445524446666,0.014535229653120041,Saxophone
b120dc90.wav,Saxophone,3.74,0.005859579425305128,0.0011335114249959588,0.022239642217755318,0.003748147515580058,0.013251559808850288,0.08512605726718903,0.002117514843121171,0.8463422656059265,0.008785821497440338,0.011395824141800404,Saxophone
c1c3c8b9.wav,Saxophone,13.58,0.017674576491117477,0.00037562305806204677,6.959021993679926e-05,0.0012298549991101027,0.007906069979071617,0.011951776221394539,1.0446883607073687e-05,0.9582198262214661,1.2751586837111972e-05,0.002549606841057539,Saxophone
c685f05f.wav,Saxophone,1.54,0.053548190742731094,0.009616361930966377,0.06763989478349686,0.010951248928904533,0.004028527997434139,0.15933433175086975,0.02816646918654442,0.48293623328208923,0.09983822703361511,0.0839405208826065,Saxophone
d94c94f0.wav,Saxophone,3.74,0.025162428617477417,0.002063026186078787,0.11332912743091583,0.01514350064098835,0.029049653559923172,0.04572130739688873,0.0038774299900978804,0.69368976354599,0.059805162250995636,0.012158717028796673,Saxophone
25f26095.wav,Saxophone,2.04,0.004972090013325214,0.010443152859807014,0.021179091185331345,0.007826380431652069,0.009044071659445763,0.03301625698804855,0.003825173480436206,0.8329387903213501,0.060745298862457275,0.016009803861379623,Saxophone
78a86075.wav,Saxophone,5.9,0.09193982183933258,0.0005837234784848988,0.08084771782159805,0.017544826492667198,0.00849231332540512,0.05105841904878616,4.408971653901972e-05,0.7148990035057068,0.013420923613011837,0.02116922102868557,Saxophone
f0d315bc.wav,Saxophone,4.42,0.03632885217666626,6.418608245439827e-05,0.055730558931827545,0.010642950423061848,0.028500450775027275,0.0346454456448555,0.000135740774567239,0.7983143329620361,0.029758252203464508,0.005879253149032593,Saxophone
37cebbd4.wav,Saxophone,6.16,0.00476406654343009,0.000207757722819224,9.97573442873545e-05,0.00012402272841427475,0.0015904424944892526,0.02365155890583992,1.0393804586783517e-05,0.968323826789856,9.481857432547258e-07,0.0012272518360987306,Saxophone
96dad435.wav,Saxophone,10.02,0.01836429350078106,2.4287280666612787e-06,0.0010943780653178692,0.0008079427643679082,0.00028174984618090093,0.005186125170439482,2.138012433761105e-07,0.9718808531761169,0.0007778060389682651,0.0016042966162785888,Saxophone
ec6afeb6.wav,Saxophone,11.88,0.0027044140733778477,5.1556362450355664e-05,3.5100270906696096e-05,5.994449747959152e-05,0.0005784612731076777,0.007283178623765707,1.1718459091980549e-07,0.9878321290016174,1.015043338270516e-07,0.0014548659091815352,Saxophone
2f9c5f62.wav,Saxophone,5.0,0.00011262437328696251,1.5279792364708555e-07,1.5503333997912705e-05,0.07467442750930786,3.346713856444694e-05,0.0034504777286201715,2.1087051209178753e-05,0.9075707793235779,0.0009302918915636837,0.013191242702305317,Saxophone
c40632d7.wav,Saxophone,11.3,0.024403810501098633,0.009084395132958889,0.03402452915906906,0.027970094233751297,0.036537814885377884,0.1231452003121376,0.018204761669039726,0.6057397127151489,0.07455682009458542,0.04633282497525215,Saxophone
9cd05a2b.wav,Saxophone,15.22,0.0006803668802604079,1.629414146009367e-05,0.0008263491909019649,0.0004332051903475076,0.00013789578224532306,0.02222077175974846,9.092515256270417e-07,0.9708073139190674,0.0004873135476373136,0.004389381036162376,Saxophone
dba6817d.wav,Saxophone,4.34,0.001260956167243421,0.0031537546310573816,0.03269824758172035,0.0031527311075478792,0.0012442561564967036,0.01798991672694683,0.0006396693643182516,0.8500732183456421,0.05278079956769943,0.03700648993253708,Saxophone
7352e28f.wav,Saxophone,6.24,0.01552525907754898,3.0390419851755723e-05,0.00014521460980176926,0.00046680468949489295,0.00017475277127232403,0.07296030223369598,9.824957487580832e-07,0.906857967376709,1.0368506764280028e-07,0.003838152391836047,Saxophone
d6665734.wav,Saxophone,10.5,0.0331091471016407,0.00011843525135191157,0.09893831610679626,0.005713092628866434,0.005606384482234716,0.10807909071445465,9.785377187654376e-06,0.7187544107437134,0.0140133798122406,0.01565791666507721,Saxophone
5d4f8187.wav,Saxophone,5.38,0.007087723817676306,0.014966819435358047,0.07851076126098633,0.053672414273023605,0.004568589851260185,0.018523452803492546,0.0004960553487762809,0.8044463396072388,0.014917866326868534,0.002809835597872734,Saxophone
5388d14d.wav,Saxophone,4.14,0.00788474828004837,0.02459545247256756,0.01667390763759613,0.02167906053364277,0.003584494348615408,0.0847562626004219,0.0023507392033934593,0.7837982177734375,0.013515117578208447,0.041162002831697464,Saxophone
9f84ea5a.wav,Snare_drum,1.88,0.08037330210208893,0.0001662424620008096,0.11873392015695572,0.0323328822851181,0.03283030539751053,0.007279999554157257,3.954844214604236e-05,0.029355542734265327,0.6756578683853149,0.02323032170534134,Snare_drum
1c9a423f.wav,Snare_drum,1.46,0.002738857176154852,7.40821360523114e-06,3.9147475035861135e-05,8.875778803485446e-06,7.391653343802318e-05,1.389345015923027e-05,4.34546745964326e-06,0.0007535996846854687,0.9916782379150391,0.004681693855673075,Snare_drum
229be2be.wav,Snare_drum,5.98,2.1974316041450948e-05,0.0006428954657167196,0.00025617657229304314,0.00016997026978060603,3.767298949242104e-06,0.0003402910369914025,0.012306204065680504,0.00015497388085350394,0.9816802144050598,0.004423573613166809,Snare_drum
46b52f97.wav,Snare_drum,1.46,0.0005106675089336932,7.548103440058185e-06,2.113014670612756e-05,9.770913311513141e-05,8.562977018300444e-05,4.469492705538869e-05,0.00027188818785361946,0.0005789206479676068,0.9982906579971313,9.119404421653599e-05,Snare_drum
31db8c5e.wav,Snare_drum,1.26,0.017339108511805534,0.00027730586589314044,0.002474146196618676,0.0004540130030363798,0.0016857217997312546,0.0003420713183004409,3.249314249842428e-05,0.0059228092432022095,0.9690208435058594,0.002451488049700856,Snare_drum
9320c55f.wav,Snare_drum,1.26,0.038289304822683334,0.0031223802361637354,0.0328463651239872,0.0010169129818677902,0.00105204526335001,0.007885914295911789,0.006103515625,0.019419383257627487,0.8036781549453735,0.08658595383167267,Snare_drum
82d4fb44.wav,Snare_drum,3.6,0.0008753198781050742,7.578986696898937e-05,0.003263902384787798,0.0007899404154159129,0.0001672274520387873,0.00011294655996607617,0.007523189298808575,0.00833168625831604,0.9736419916152954,0.005217933561652899,Snare_drum
1e3391d5.wav,Snare_drum,5.2,0.007178090512752533,0.00033959842403419316,0.004293597768992186,0.010784106329083443,0.00572285708039999,0.0003407573385629803,1.8050090147880837e-05,0.025524768978357315,0.9413818120956421,0.004416438285261393,Snare_drum
22e1c02c.wav,Snare_drum,2.0,0.05227065086364746,0.004564313217997551,0.10503795742988586,0.004703540820628405,0.008610579185187817,0.021361075341701508,0.0024484593886882067,0.06686566770076752,0.7064480185508728,0.02768968977034092,Snare_drum
36d06cc0.wav,Snare_drum,1.02,0.0033088300842791796,2.2698204702464864e-05,0.0004168331215623766,0.00023471901658922434,0.00035546935396268964,0.00013606747961603105,1.1460314453870524e-05,0.002486818004399538,0.9922219514846802,0.000805129180662334,Snare_drum
4c4d4797.wav,Snare_drum,2.0,0.00045857715304009616,0.00016736978432163596,0.008825724013149738,0.0038372220005840063,0.00012758233060594648,0.006980925798416138,0.00939136277884245,0.013002042658627033,0.8112261295318604,0.145983025431633,Snare_drum
9d308738.wav,Snare_drum,4.22,9.106723155127838e-05,3.866355837089941e-05,0.0329938568174839,0.00020678251166827977,9.862579645414371e-06,0.0038977141957730055,0.0200322475284338,0.0037558376789093018,0.8477161526679993,0.09125785529613495,Snare_drum
1bc8eae1.wav,Snare_drum,6.26,0.04911432042717934,2.6993122446583584e-05,0.00044473950401879847,0.00018369582539889961,0.00012465257896110415,0.00040672451723366976,0.0006137619493529201,0.0033235459122806787,0.9402550458908081,0.005506552290171385,Snare_drum
f1754aea.wav,Snare_drum,10.92,0.007970386184751987,0.005575940012931824,0.021738732233643532,0.00207392661832273,0.0006287263240665197,0.016875088214874268,0.008313651196658611,0.008006197400391102,0.8672177791595459,0.06159958615899086,Snare_drum
ff3f21e7.wav,Snare_drum,6.22,0.0030732194427400827,3.5984514397569e-05,0.0016426400979980826,0.0003296128415968269,0.0001626941084396094,0.00024357221263926476,0.0001474031014367938,0.01200729887932539,0.9377539157867432,0.04460360109806061,Snare_drum
c8ecbbfd.wav,Snare_drum,1.74,0.0006299063679762185,1.9601919120759703e-05,0.00018505602201912552,0.00014022174582351,3.948689845856279e-05,9.38692464842461e-05,7.793696568114683e-06,0.006488146260380745,0.9917429089546204,0.0006530322716571391,Snare_drum
b86b5a96.wav,Snare_drum,1.34,0.0005802235682494938,2.8820359148085117e-05,0.00012179370241938159,1.296723621635465e-05,8.50966989673907e-06,5.056983354734257e-05,0.0002148065686924383,0.00038618905819021165,0.9980340003967285,0.0005621464224532247,Snare_drum
5c33d972.wav,Snare_drum,1.08,0.08498337119817734,0.015649307519197464,0.1033870205283165,0.012870335951447487,0.009621826000511646,0.007427811622619629,0.004575259052217007,0.017431262880563736,0.5632251501083374,0.18082860112190247,Snare_drum
e8e00924.wav,Snare_drum,1.68,0.011392440646886826,0.00012496853014454246,0.008445648476481438,0.0003175534657202661,0.0005820421501994133,0.0011191526427865028,6.305507849901915e-05,0.028546413406729698,0.9345487952232361,0.0148598188534379,Snare_drum
b218444c.wav,Snare_drum,3.18,0.009015573188662529,0.0004693229857366532,0.03361918032169342,0.0018856226233765483,0.0030697553884238005,0.0014032700564712286,0.0003201048821210861,0.04968345910310745,0.8832664489746094,0.01726713217794895,Snare_drum
b68f10af.wav,Snare_drum,12.18,0.0030971295200288296,0.003625356825068593,0.008510712534189224,0.002453824272379279,0.0006658039637841284,0.0036139595322310925,0.0030143270269036293,0.00727191474288702,0.957807183265686,0.009939641691744328,Snare_drum
cae0d841.wav,Snare_drum,1.68,0.00014852096501272172,4.8648540541762486e-05,3.932930121663958e-05,3.878554343828e-05,1.882675860542804e-05,6.550781836267561e-05,0.0001795773860067129,0.0005193743854761124,0.9983949065208435,0.0005464841378852725,Snare_drum
b6cbc6a9.wav,Snare_drum,1.68,4.119022833037889e-06,0.000414588168496266,0.00011370058928150684,7.320212898775935e-05,8.176563142114901e-07,0.00040800386341288686,0.028047438710927963,0.0002443914709147066,0.9698729515075684,0.0008207776700146496,Snare_drum
ae7d1c37.wav,Snare_drum,8.72,0.0067180851474404335,8.406376582570374e-05,0.008050830103456974,0.0014688798692077398,0.0017586933681741357,0.00022861814068164676,6.005913746776059e-05,0.01591077633202076,0.9627352952957153,0.0029844846576452255,Snare_drum
f0727eac.wav,Snare_drum,1.26,4.2573028622427955e-05,5.445496935863048e-05,0.0002796304179355502,2.8851651222794317e-05,2.2937125265798386e-07,0.0005796899786219001,0.028124600648880005,0.0004829054232686758,0.969796895980835,0.0006101599428802729,Snare_drum
6fca680b.wav,Snare_drum,4.48,0.004444404039531946,5.814918768010102e-05,0.001812084810808301,0.00030302026425488293,0.0008004430565051734,0.00014264314086176455,3.832343645626679e-05,0.003104374511167407,0.9818541407585144,0.007442436646670103,Snare_drum
5ce40b1b.wav,Snare_drum,5.98,0.004684004001319408,3.6017019738210365e-05,4.780451490660198e-05,0.0001107200441765599,6.872856465633959e-05,3.7258050724631175e-05,2.584353069323697e-07,0.0005535615491680801,0.9943166971206665,0.00014484456914942712,Snare_drum
0c67f402.wav,Snare_drum,10.0,0.00044851857819594443,1.346883800579235e-05,0.00018749518494587392,7.898983312770724e-05,2.1145993741811253e-05,0.00022532734146807343,9.552674600854516e-05,0.0011738684261217713,0.9972491264343262,0.0005065239383839071,Snare_drum
4c590f69.wav,Snare_drum,1.08,0.00029899130458943546,0.00010675499652279541,0.0006545740179717541,0.000958697113674134,2.7619411412160844e-05,0.0020656194537878036,0.0005157316336408257,0.010134482756257057,0.9823423624038696,0.0028951973654329777,Snare_drum
e4958adc.wav,Snare_drum,8.8,0.003477101679891348,5.622442040476017e-05,0.017479831352829933,0.0044515980407595634,0.0005610614316537976,0.0014474049676209688,0.00043517438462004066,0.010243096388876438,0.9550125002861023,0.006836086045950651,Snare_drum
35039ae1.wav,Acoustic_guitar,3.14,0.9020025730133057,5.108377445139922e-05,0.044368043541908264,0.0019179878290742636,0.00766632379963994,0.010053742676973343,2.6940294901578454e-06,0.03342120721936226,8.053790224948898e-05,0.00043576801544986665,Acoustic_guitar
2016d256.wav,Acoustic_guitar,2.1,0.9672220945358276,3.682280869110599e-11,1.0230140105704777e-05,0.0073630595579743385,0.0007496628677472472,4.775653360411525e-05,3.2898037956272573e-19,0.024568526074290276,3.860278957290575e-05,1.6653036993830028e-07,Acoustic_guitar
10da16fb.wav,Acoustic_guitar,3.34,0.8739628195762634,0.00032419644412584603,0.023877674713730812,0.0322512648999691,0.02604168839752674,0.01156045775860548,3.5326672787050484e-07,0.022993994876742363,0.0056638107635080814,0.00332362181507051,Acoustic_guitar
c7846d27.wav,Acoustic_guitar,3.14,0.8253887891769409,1.9775556211243384e-05,0.002672869013622403,0.000776709639467299,0.005599609110504389,0.01899631693959236,8.114653269331029e-07,0.056296758353710175,0.07532515376806259,0.014923217706382275,Acoustic_guitar
fc55d588.wav,Acoustic_guitar,4.18,0.6473469734191895,4.1860592318698764e-05,0.10479439795017242,0.020067011937499046,0.05708802491426468,0.008076916448771954,5.823787887493381e-07,0.024699870496988297,0.13262416422367096,0.005260219797492027,Acoustic_guitar
0356dec7.wav,Acoustic_guitar,7.12,0.756405770778656,0.005280902609229088,0.044219035655260086,0.002026318572461605,0.008145693689584732,0.014381875284016132,0.0002229286328656599,0.06362312287092209,0.02227911725640297,0.08341509103775024,Acoustic_guitar
55822aae.wav,Acoustic_guitar,8.02,0.4894380569458008,0.0011640714947134256,0.2661183178424835,0.009335974231362343,0.12837591767311096,0.025028619915246964,0.010721179656684399,0.01485472172498703,0.03501107171177864,0.01995215192437172,Acoustic_guitar
b2261238.wav,Acoustic_guitar,8.02,0.7854857444763184,3.255785122746602e-05,0.0631411150097847,0.020598331466317177,0.015821974724531174,0.018581336364150047,5.591166427620919e-06,0.04484285041689873,0.03141213208436966,0.020078297704458237,Acoustic_guitar
e92bf0fa.wav,Acoustic_guitar,4.0,0.8532612919807434,0.00015512685058638453,0.030669383704662323,0.009758146479725838,0.0692632645368576,0.02553185261785984,1.1332040230627172e-06,0.0038729170337319374,0.0023414166644215584,0.005145545117557049,Acoustic_guitar
17f82c05.wav,Acoustic_guitar,10.0,0.31844282150268555,0.04733690991997719,0.2339211404323578,0.0019459938630461693,0.28943175077438354,0.0030883634462952614,0.0007860948680900037,0.009045758284628391,0.04492499306797981,0.051076024770736694,Acoustic_guitar
a25423a8.wav,Acoustic_guitar,21.74,0.6267444491386414,0.0004186333098914474,0.06439317017793655,0.010220259428024292,0.24996869266033173,0.002398161916062236,2.4879607735783793e-05,0.012595313601195812,0.030042193830013275,0.0031943118665367365,Acoustic_guitar
b88322f6.wav,Acoustic_guitar,4.18,0.9664220809936523,0.00019832461839541793,0.019822388887405396,0.0007725971518084407,0.005731610581278801,0.0011562209110707045,4.386497676023282e-05,0.0036966553889214993,7.763401663396508e-05,0.002078527817502618,Acoustic_guitar
a6728901.wav,Acoustic_guitar,2.18,0.981556236743927,4.117380285606487e-06,5.170444637769833e-05,9.745474380906671e-05,0.0019319646526128054,0.008364202454686165,8.371499404802307e-08,0.00019230930774938315,3.304008089344279e-07,0.00780172785744071,Acoustic_guitar
44fb3eeb.wav,Acoustic_guitar,3.14,0.9359117150306702,8.554443979846837e-07,0.007366048637777567,0.005454986356198788,0.0024212158750742674,0.006762069649994373,7.859267681098459e-10,0.03845538571476936,0.0011429974110797048,0.002484674332663417,Acoustic_guitar
7506dcc4.wav,Acoustic_guitar,3.14,0.9611285328865051,0.0018407506868243217,0.0010547303827479482,0.003138370346277952,0.007155580911785364,1.229590179718798e-05,2.5827247895904293e-08,0.004230685066431761,0.021374786272644997,6.428747292375192e-05,Acoustic_guitar
bb1f5874.wav,Acoustic_guitar,3.86,0.6145849227905273,0.006107130087912083,0.07598700374364853,0.022056879475712776,0.15701888501644135,0.052250053733587265,2.686650441319216e-05,0.011334811337292194,0.021248018369078636,0.03938543424010277,Acoustic_guitar
0eeaebcb.wav,Acoustic_guitar,8.02,0.8067395091056824,1.8422453649691306e-05,0.08966369926929474,0.0064520626328885555,0.034859202802181244,0.03588402271270752,1.2038759678034694e-07,0.020557619631290436,0.0013290627393871546,0.004496186506003141,Acoustic_guitar
d8a257e5.wav,Acoustic_guitar,8.42,0.7657067775726318,0.009972401894629002,0.046830914914608,0.006717576179653406,0.023686667904257774,0.0044207945466041565,0.0004836182633880526,0.09736930578947067,0.030816899612545967,0.013994842767715454,Acoustic_guitar
367ad7b1.wav,Acoustic_guitar,5.22,0.5290067791938782,0.0009717583889141679,0.018636886030435562,0.01068814191967249,0.35403525829315186,0.06975492835044861,4.783659096574411e-05,0.014375641010701656,0.0014552631182596087,0.0010275398381054401,Acoustic_guitar
38216fad.wav,Acoustic_guitar,7.92,0.7419993877410889,0.023551560938358307,0.10551150888204575,0.0015896784607321024,0.08372237533330917,0.0023243501782417297,0.0011689026141539216,0.0247242022305727,0.009256182238459587,0.0061518303118646145,Acoustic_guitar
673defaf.wav,Acoustic_guitar,4.16,0.9207509756088257,3.9168548937595915e-06,0.001588379847817123,0.0062490529380738735,0.0003988974785897881,0.007831186056137085,8.537720752599398e-09,0.05695173516869545,0.00020563171710819006,0.006020276807248592,Acoustic_guitar
160c92d7.wav,Acoustic_guitar,3.32,0.9027208685874939,0.0002491285849828273,0.03860212862491608,0.009661514312028885,0.020329594612121582,0.017815757542848587,1.988707651889854e-07,0.0051019261591136456,0.0006672584568150342,0.004851582460105419,Acoustic_guitar
8da75280.wav,Acoustic_guitar,26.32,0.5183402895927429,4.7128483856795356e-05,0.07496485859155655,0.010705308057367802,0.3701196610927582,0.0011218484723940492,3.280597482557823e-08,0.004911706317216158,0.01938077248632908,0.0004084281681571156,Acoustic_guitar
16c9a838.wav,Acoustic_guitar,3.14,0.9470892548561096,1.3252782991912682e-05,0.0022771807853132486,0.018895262852311134,0.01733800396323204,0.0035983743146061897,6.915483368175046e-07,0.0011067751329392195,0.0003299664531368762,0.009351151064038277,Acoustic_guitar
34747922.wav,Acoustic_guitar,3.14,0.8504443168640137,2.7357049475540407e-05,0.009411525912582874,0.0029729576781392097,0.005547798238694668,0.06983458250761032,0.00047184553113766015,0.04962762072682381,0.0027980597224086523,0.008863972499966621,Acoustic_guitar
236cbab1.wav,Acoustic_guitar,6.96,0.5743930339813232,0.0014123679138720036,0.06978721171617508,0.0063992817886173725,0.2618858218193054,0.001292751170694828,0.0002705752558540553,0.014513369649648666,0.06533678621053696,0.004708810243755579,Acoustic_guitar
fa4d4a92.wav,Acoustic_guitar,25.4,0.4278600513935089,0.00040842723683454096,0.08071323484182358,0.016170792281627655,0.463616281747818,8.806088590063155e-05,6.541592156850129e-09,0.0008586058393120766,0.01016814261674881,0.00011640589218586683,Double_bass
70ca9c77.wav,Acoustic_guitar,8.22,0.5711233615875244,0.00044418690958991647,0.1000092551112175,0.04631068930029869,0.2466145008802414,0.0011445635464042425,2.3527269149781205e-05,0.004605903755873442,0.029184281826019287,0.0005396709893830121,Acoustic_guitar
9923ddf8.wav,Acoustic_guitar,1.58,0.9616276621818542,3.6280283666201285e-08,2.742027754720766e-05,0.027841717004776,0.00146100961137563,0.0011654467089101672,1.6453938905813814e-13,0.006007514428347349,0.0018505152547731996,1.875049747468438e-05,Acoustic_guitar
32dee61b.wav,Acoustic_guitar,5.34,0.28740978240966797,0.10843067616224289,0.15704044699668884,0.0054337033070623875,0.367061585187912,0.002881434978917241,0.0011296398006379604,0.01383606530725956,0.03217320889234543,0.0246034674346447,Double_bass
195f544d.wav,Cello,7.38,0.05677470192313194,0.012066667899489403,0.4478933811187744,0.009970794431865215,0.011847934685647488,0.06312087178230286,0.0027751673478633165,0.09612100571393967,0.042773112654685974,0.256656289100647,Cello
34e4d187.wav,Cello,3.64,0.03375469520688057,0.04105951637029648,0.66166090965271,0.003170571057125926,0.17104913294315338,0.006505012512207031,0.0021613838616758585,0.00438471045345068,0.041945505887269974,0.034308649599552155,Cello
3e2bddda.wav,Cello,2.28,0.03963293135166168,0.0032005375251173973,0.2557438910007477,0.005784207489341497,0.0010120169026777148,0.012528291903436184,0.00028851086972281337,0.03342989459633827,0.07156568020582199,0.5768139362335205,Violin_or_fiddle
6a210ffa.wav,Cello,6.52,0.037227727472782135,0.005068344995379448,0.814092755317688,0.006885627284646034,0.10518479347229004,0.004870592150837183,0.0003744304121937603,0.0025210189633071423,0.017614752054214478,0.006159991957247257,Cello
743ae0f9.wav,Cello,3.06,0.04529225081205368,0.031679749488830566,0.7070427536964417,0.0032707476057112217,0.11040545254945755,0.01232870202511549,0.0020326923113316298,0.0062607754953205585,0.020741498097777367,0.06094539165496826,Cello
4bff8f32.wav,Cello,5.8,0.02233896031975746,0.02165706269443035,0.801165759563446,0.025174491107463837,0.10200920701026917,0.003642419120296836,0.0012500113807618618,0.0008698675665073097,0.013700855895876884,0.00819144956767559,Cello
e70c41d4.wav,Cello,8.5,0.042463067919015884,7.578927761642262e-05,0.5723490715026855,0.01041113119572401,0.004859401378780603,0.15633437037467957,5.0342787289991975e-05,0.07276157289743423,0.05381273105740547,0.08688260614871979,Cello
238b16a5.wav,Cello,2.88,0.13876236975193024,0.0007888883701525629,0.6262820959091187,0.006027049385011196,0.1928623467683792,0.009231970645487309,0.0013294460950419307,0.00167370296549052,0.01765512116253376,0.0053869569674134254,Cello
a59b5a08.wav,Cello,3.98,0.02019697055220604,0.03488461673259735,0.7410937547683716,0.01825016178190708,0.06187005341053009,0.008084600791335106,0.007376717869192362,0.0020923963747918606,0.029193347319960594,0.07695721834897995,Cello
31dbc5c0.wav,Cello,5.36,0.10839176923036575,0.002799873473122716,0.7369582056999207,0.002048126421868801,0.016664180904626846,0.08167202025651932,0.0006835850654169917,0.007781938649713993,0.013089342974126339,0.029910983517766,Cello
e97d9707.wav,Cello,2.38,0.011252942495048046,0.008790525607764721,0.6830021142959595,0.012075680308043957,0.02011975087225437,0.10629815608263016,0.0009037606650963426,0.057798806577920914,0.06937658041715622,0.030381672084331512,Cello
5e5bca7a.wav,Cello,6.6,0.009387129917740822,0.03874723240733147,0.8026204705238342,0.00845000147819519,0.04300504922866821,0.005754994694143534,0.0013695670058950782,0.006006757728755474,0.03144387900829315,0.053214967250823975,Cello
d328db67.wav,Cello,4.28,0.07302168756723404,0.0008439532248303294,0.7801255583763123,0.014254987239837646,0.007247693371027708,0.03480725735425949,0.00018712699238676578,0.012973861768841743,0.039698295295238495,0.036839645355939865,Cello
2da9e12a.wav,Cello,6.02,0.03860585391521454,0.00885713566094637,0.8115689158439636,0.004886753391474485,0.08086366951465607,0.00813071895390749,0.0003330327454023063,0.0238055232912302,0.012627675198018551,0.010320674628019333,Cello
811bf309.wav,Cello,3.9,0.1770278811454773,0.015590007416903973,0.6067906022071838,0.01385631412267685,0.02227865159511566,0.03702507168054581,0.0008646235219202936,0.08588451892137527,0.01875849813222885,0.02192378230392933,Cello
81d9f077.wav,Cello,7.06,0.028843913227319717,0.00550950039178133,0.8336979150772095,0.014560329727828503,0.07642669975757599,0.00755596999078989,0.020236331969499588,0.0037103057838976383,0.007406937889754772,0.0020523378625512123,Cello
e55c5160.wav,Cello,5.06,0.03256110101938248,0.00604642927646637,0.7596250176429749,0.011117788963019848,0.021623339504003525,0.04824214428663254,0.01695938967168331,0.03284331038594246,0.026765845715999603,0.04421571269631386,Cello
0091fc7f.wav,Cello,5.7,0.035683803260326385,0.0069934348575770855,0.7169195413589478,0.07506134361028671,0.019770944491028786,0.024730779230594635,0.0036849176976829767,0.03756418824195862,0.030113520100712776,0.04947735369205475,Cello
cbc8d551.wav,Cello,2.54,0.08280019462108612,0.02675791271030903,0.5902020335197449,0.004676775075495243,0.0688851997256279,0.03725505992770195,0.0008473416673950851,0.10185370594263077,0.014397740364074707,0.07232402265071869,Cello
dc5be9d7.wav,Cello,9.42,0.01632898673415184,0.0051993257366120815,0.8844796419143677,0.004304931964725256,0.02084207348525524,0.02455841563642025,0.00048249485553242266,0.01161639392375946,0.019068242982029915,0.013119548559188843,Cello
5689818f.wav,Cello,5.78,0.1017037183046341,0.011595137417316437,0.759648323059082,0.001976337283849716,0.013439568690955639,0.02927912026643753,0.0011784377275034785,0.009557163342833519,0.016086826100945473,0.05553533136844635,Cello
88500b88.wav,Cello,4.86,0.004774700850248337,0.008479487150907516,0.6547951698303223,0.0068206265568733215,0.05923335626721382,0.0904875323176384,0.007680000737309456,0.14478476345539093,0.009719002060592175,0.013225340284407139,Cello
e2d993ec.wav,Cello,4.56,0.09448695927858353,0.014264554716646671,0.6094763875007629,0.08570213615894318,0.03862152248620987,0.05752452090382576,0.00048390866140834987,0.012683423236012459,0.011790846474468708,0.07496584206819534,Cello
f9653de8.wav,Cello,3.32,0.021352719515562057,0.08087741583585739,0.690545916557312,0.009135430678725243,0.11825434863567352,0.005890159867703915,0.002233401406556368,0.00389323802664876,0.02897489257156849,0.03884246200323105,Cello
00353774.wav,Cello,4.52,0.04931166395545006,0.0014019754016771913,0.7645879983901978,0.003207565750926733,0.022909408435225487,0.06673900783061981,0.0008349918643943965,0.029075950384140015,0.00960687268525362,0.05232460796833038,Cello
7d896090.wav,Cello,5.18,0.04189586266875267,0.008409945294260979,0.7417484521865845,0.05167974531650543,0.036232054233551025,0.044340796768665314,0.0011002682149410248,0.0399504192173481,0.024908393621444702,0.009734055958688259,Cello
ab8e8ae3.wav,Cello,7.22,0.022115400061011314,0.006139954552054405,0.9138517379760742,0.00430955458432436,0.019051488488912582,0.0066768694669008255,0.00031350189237855375,0.009423463605344296,0.00944768637418747,0.008670198731124401,Cello
22bea889.wav,Cello,2.34,0.14728987216949463,0.0042890082113444805,0.5724889039993286,0.01199722196906805,0.21324820816516876,0.005465114023536444,5.337271068128757e-05,0.005276396870613098,0.03131795674562454,0.0085738655179739,Cello
9e3bc1b6.wav,Cello,5.18,0.016187846660614014,0.0010710370261222124,0.8562999367713928,0.02310543693602085,0.017016200348734856,0.02593293786048889,0.00020563160069286823,0.007682871539145708,0.03428277745842934,0.01821546070277691,Cello
125e6ccf.wav,Cello,4.7,0.055918850004673004,0.00040677745710127056,0.8743718862533569,0.005239579826593399,0.013376968912780285,0.009021506644785404,5.720640911022201e-05,0.004557647276669741,0.021136019378900528,0.01591353304684162,Cello
f63f3703.wav,Double_bass,3.68,0.0066149369813501835,0.052336469292640686,0.014539124444127083,0.0004612219345290214,0.9012089967727661,0.0005969438352622092,0.0001598524977453053,0.00015435874229297042,0.0010028035612776875,0.022925207391381264,Double_bass
13da16ae.wav,Double_bass,4.36,0.018071044236421585,0.015121068805456161,0.003421850735321641,0.027323422953486443,0.9355421662330627,0.00014692128752358258,1.4298295809567207e-06,5.5319571401923895e-05,0.00018170749535784125,0.0001352098915958777,Double_bass
595c191d.wav,Double_bass,2.98,0.016162896528840065,0.03072449006140232,0.006691118236631155,0.032830193638801575,0.9125363826751709,0.00032660330180078745,2.46765944211802e-06,0.00046853299136273563,3.523379928083159e-05,0.0002220502938143909,Double_bass
4fd883bb.wav,Double_bass,1.26,0.19379861652851105,0.0001174033823190257,0.1255442351102829,0.005841980688273907,0.6728546023368835,2.4269436835311353e-05,1.7646771544033157e-10,0.0001199300677399151,0.0016713363584131002,2.7706206310540438e-05,Double_bass
462b676f.wav,Double_bass,4.64,0.08364177495241165,0.019250793382525444,0.028867041692137718,0.017507771030068398,0.7893028259277344,0.004186066333204508,1.2761779544234741e-05,0.01679324544966221,0.029381250962615013,0.011056371033191681,Double_bass
c840804f.wav,Double_bass,2.86,0.008923178538680077,0.02090287394821644,0.02824925072491169,0.00041648183832876384,0.9411662817001343,2.255020081065595e-05,1.1693116448441288e-06,2.4220755221904255e-05,0.00015120852913241833,0.0001428423129254952,Double_bass
8ce2e863.wav,Double_bass,1.78,0.0020587153267115355,0.053115636110305786,0.0004529387515503913,0.00013953220332041383,0.944229781627655,2.2966457891016034e-07,7.503831511712633e-08,1.0614079570814283e-07,1.4978447779867565e-06,1.557882001179678e-06,Double_bass
ca348cbb.wav,Double_bass,2.88,0.11852429807186127,0.0035421643406152725,0.09512244164943695,0.0012330712052062154,0.7806258201599121,1.6930400306591764e-05,3.003331983109092e-07,6.293683782132575e-06,0.000913731346372515,1.4907994227542076e-05,Double_bass
a0cbe92e.wav,Double_bass,2.14,0.006217276677489281,0.03623444214463234,0.0566178634762764,0.0024603945203125477,0.8385871052742004,0.0016825012862682343,0.0007475140737369657,0.0005541664431802928,0.005547136999666691,0.051351774483919144,Double_bass
95e1d0ae.wav,Double_bass,5.5,0.024994714185595512,0.09721943736076355,0.1415034979581833,0.006298824213445187,0.6778457164764404,0.0008443609694950283,0.0006480350275523961,0.004267320968210697,0.029462188482284546,0.01691592112183571,Double_bass
8073923c.wav,Double_bass,2.2,0.4195355474948883,0.00017708925588522106,0.15704503655433655,0.011017614975571632,0.39522719383239746,0.0007469962001778185,5.482335382112069e-06,0.0019093910232186317,0.014052094891667366,0.00028350198408588767,Acoustic_guitar
fcfafbc8.wav,Double_bass,3.56,0.011244397610425949,0.01702839694917202,0.03033427894115448,0.00383272347971797,0.9373666048049927,2.34317735703371e-06,5.180133939575171e-07,1.1846829011119553e-06,0.0001800308673409745,9.474574653722811e-06,Double_bass
1a7d3f2d.wav,Double_bass,4.82,0.22420112788677216,0.00429188460111618,0.2701176404953003,0.004573883023113012,0.47275909781455994,0.00044716394040733576,8.125823114824016e-06,0.0011195898987352848,0.019187185913324356,0.003294256515800953,Double_bass
103f29e5.wav,Double_bass,3.12,0.011845349334180355,0.014374158345162868,0.002087864326313138,0.005688856355845928,0.9016249775886536,0.0013138535432517529,6.781469892302994e-07,0.06289073079824448,9.470499207964167e-05,7.885786180850118e-05,Double_bass
c0ddf010.wav,Double_bass,2.5,0.029724469408392906,0.10056495666503906,0.03834608569741249,0.01646503247320652,0.8092517852783203,0.0003645105753093958,1.3586678505816963e-05,0.00017977719835471362,0.0009980183094739914,0.004091757349669933,Double_bass
4fb480bf.wav,Double_bass,8.74,0.006861393805593252,0.37328994274139404,0.13001945614814758,0.023947110399603844,0.3958512246608734,0.003547526663169265,0.0015371162444353104,0.0058180843479931355,0.016031119972467422,0.043097153306007385,Double_bass
5eadbc6d.wav,Double_bass,2.32,0.03535555675625801,0.012192516587674618,0.06341774761676788,0.0037211368326097727,0.8219201564788818,0.00558858597651124,0.000708428502548486,0.004758530296385288,0.004606253933161497,0.04773115739226341,Double_bass
f042282c.wav,Double_bass,2.4,0.015527361072599888,0.032320354133844376,0.05403604358434677,0.005853527691215277,0.8430767059326172,0.002311549847945571,0.0011615199036896229,0.0017360474448651075,0.013301942497491837,0.03067488968372345,Double_bass
da8ea649.wav,Double_bass,3.06,0.007014740724116564,0.07807871699333191,0.015014729462563992,0.002262542489916086,0.8974598050117493,2.267131094413344e-06,3.5630839647637913e-06,5.176179911359213e-07,0.00014186091721057892,2.125337050529197e-05,Double_bass
0286fc27.wav,Double_bass,2.34,0.01822402887046337,0.03451380878686905,0.0276498943567276,0.0009938558796420693,0.8935799598693848,0.0019253477221354842,0.0004706845211330801,0.0010630142642185092,0.004550779704004526,0.017028626054525375,Double_bass
6efbaf90.wav,Double_bass,1.42,0.02173924818634987,0.10646788775920868,0.12851062417030334,0.007587086409330368,0.6995518207550049,0.004056192468851805,0.0008462729747407138,0.0022827230859547853,0.007393105421215296,0.021565034985542297,Double_bass
642ad7e4.wav,Double_bass,1.4,0.04149673506617546,0.036823123693466187,0.16906288266181946,0.001497842837125063,0.7472497224807739,0.00037651770981028676,1.4280622963269707e-05,0.0001002181670628488,0.0015389047330245376,0.0018397571984678507,Double_bass
9dd0141c.wav,Double_bass,3.58,0.018385306000709534,0.040542781352996826,0.029879556968808174,0.020107069984078407,0.8684449791908264,0.002449867082759738,0.0002593540120869875,0.017961103469133377,0.000757938134483993,0.0012120449682697654,Double_bass
deb87700.wav,Double_bass,2.3,0.00396766746416688,0.015445053577423096,0.08813744783401489,0.013177450746297836,0.8127899169921875,0.01475408673286438,0.000386973173590377,0.005077341105788946,0.03277013450860977,0.01349399983882904,Double_bass
b428466c.wav,Double_bass,1.26,0.013959999196231365,0.019907666370272636,0.025793729349970818,0.09953468292951584,0.8357160091400146,0.004810907877981663,9.04335956875002e-06,1.4924481547495816e-05,0.00010391945397714153,0.00014920817920938134,Double_bass
e6597186.wav,Double_bass,6.26,0.2788870334625244,0.00027273717569187284,0.1553976982831955,0.026548100635409355,0.4895455241203308,0.0009041851153597236,9.720584785100073e-06,0.003277119481936097,0.04420674219727516,0.0009510969975963235,Double_bass
e0ecd1a6.wav,Double_bass,2.88,0.25891515612602234,0.00904344767332077,0.15364423394203186,0.06690317392349243,0.4846491515636444,0.00036325378459878266,4.8988407996830574e-08,0.0026194914244115353,0.015690773725509644,0.008171206340193748,Double_bass
2ac8b94f.wav,Double_bass,4.82,0.015015619806945324,0.04774656146764755,0.35549232363700867,0.007115538697689772,0.4389553666114807,0.07797800004482269,0.00043792504584416747,0.05301227420568466,0.0004780501767527312,0.0037683004047721624,Double_bass
19893aa8.wav,Double_bass,2.8,0.004745545331388712,0.03227674588561058,0.05561618134379387,0.0014045503921806812,0.8617119193077087,0.0029830539133399725,0.0007692890940234065,0.0010263671865686774,0.005490210372954607,0.03397614136338234,Double_bass
444f9db5.wav,Double_bass,2.32,0.021070819348096848,0.0056607904843986034,0.005515937693417072,0.009900224395096302,0.7085976600646973,0.06949612498283386,2.5289523364335764e-07,0.16815835237503052,0.0005750620039179921,0.011024813167750835,Double_bass
e51e1770.wav,Clarinet,5.4,0.0009685690747573972,2.5383453248650767e-05,0.0006471018423326313,0.921495795249939,0.00011065544822486117,0.00902095902711153,0.03360471874475479,0.027341203764081,0.0006149288383312523,0.006170660723000765,Clarinet
ad42e493.wav,Clarinet,5.86,0.0786966010928154,2.414691948615655e-07,0.0009464418981224298,0.8929122686386108,0.0002009350573644042,0.007726176176220179,1.0720938234953792e-06,0.010018846020102501,0.0001370028912788257,0.009360459633171558,Clarinet
71c6451f.wav,Clarinet,3.56,0.0010090816067531705,3.383625880815089e-05,0.0009000147692859173,0.8282229900360107,0.00013000272156205028,0.1334032118320465,8.289477591461036e-06,0.00793874729424715,0.022548751905560493,0.0058049485087394714,Clarinet
b0c06255.wav,Clarinet,4.08,0.003048696555197239,3.3415888083254686e-06,0.0011116821551695466,0.8933051228523254,3.889171057380736e-05,0.055825360119342804,4.655100838135695e-06,0.039283182471990585,1.9266253730165772e-05,0.007359761744737625,Clarinet
e43f7db2.wav,Clarinet,7.88,8.8518499978818e-05,9.566940677705783e-15,0.00021743170509580523,0.9744305610656738,7.404574375868833e-07,0.014006021432578564,1.7295072088595987e-16,0.011113380081951618,1.2799512560945914e-08,0.00014317336899694055,Clarinet
ddf23920.wav,Clarinet,5.54,0.00010392328113084659,5.813147254229989e-06,0.00020727737864945084,0.9449557065963745,2.230631935162819e-06,0.015779953449964523,0.0014455182245001197,0.005198018159717321,0.00013543860404752195,0.032166142016649246,Clarinet
800b401e.wav,Clarinet,7.58,0.005183868575841188,0.0026319685857743025,0.029989168047904968,0.8980768322944641,0.014526423066854477,0.03770925849676132,0.0009120077011175454,0.008050388656556606,0.0020228063222020864,0.0008972136420197785,Clarinet
44c5094c.wav,Clarinet,3.94,4.7614910727133974e-05,4.008642810054974e-12,0.00016644762945361435,0.9576712250709534,3.1681536256655818e-06,0.03893522545695305,2.1254831662070872e-12,0.0030457244720309973,4.0991633909470693e-07,0.00013002964260522276,Clarinet
45de3233.wav,Clarinet,6.0,0.0018708267016336322,0.018462399020791054,0.027741748839616776,0.8443853259086609,0.02423720806837082,0.013809707015752792,0.010259328410029411,0.0036057953257113695,0.010771659202873707,0.044855840504169464,Clarinet
ce65d6b5.wav,Clarinet,3.04,0.006447152234613895,5.862654361976638e-08,0.00023465159756597131,0.9510573148727417,6.570419645868242e-05,0.009727926924824715,1.9052522475249134e-06,0.005479046143591404,0.0002132997033186257,0.026772938668727875,Clarinet
3f7e6da8.wav,Clarinet,5.84,0.0024096404667943716,5.908851221647637e-07,0.0003603403165470809,0.9743399620056152,0.0005339357303455472,0.0019099600613117218,9.779260835784953e-06,0.001165317720733583,0.01922869123518467,4.15248068748042e-05,Clarinet
9a722e53.wav,Clarinet,10.5,0.016825783997774124,1.3655491670760966e-07,0.0018638024339452386,0.9671490788459778,0.0008490204927511513,0.0029131893534213305,3.4657912650892797e-10,0.009202075190842152,0.0008646702626720071,0.00033235771115869284,Clarinet
3c66098d.wav,Clarinet,5.38,0.0006134956493042409,1.44487137276883e-06,0.003338117152452469,0.8303643465042114,3.81124482373707e-05,0.16117624938488007,3.2225550512521295e-06,0.0016636617947369814,0.00024648819817230105,0.002554751466959715,Clarinet
3cbe9902.wav,Clarinet,7.0,0.0012271959567442536,0.019618995487689972,0.022972915321588516,0.8476226925849915,0.013949321582913399,0.016484402120113373,0.002535110805183649,0.005010700318962336,0.011329129338264465,0.05924959480762482,Clarinet
ad7ec8cb.wav,Clarinet,9.7,3.0596056603826582e-06,6.425626697392772e-09,3.39034158969298e-05,0.9838897585868835,3.0110939519545354e-07,0.0036327755078673363,0.0001954829931491986,8.782111399341375e-05,1.731352494971361e-05,0.012139575555920601,Clarinet
2e1cd085.wav,Clarinet,5.76,2.2102554453340417e-07,1.0056182275786085e-10,0.00011081364209530875,0.9519964456558228,6.042198208433547e-08,0.04133441671729088,1.8025716030933836e-07,0.00010019622277468443,1.5082368008734193e-05,0.0064424024894833565,Clarinet
8ee44fb5.wav,Clarinet,3.94,0.0056000580079853535,6.823223088758823e-07,0.0001422342174919322,0.9578646421432495,0.00010052957804873586,0.0054397135972976685,4.465780190088253e-09,0.007475671358406544,0.022653328254818916,0.0007230904302559793,Clarinet
1f81cc2b.wav,Clarinet,20.2,0.0034208542201668024,0.00011049862951040268,0.0063920170068740845,0.8935367465019226,0.0023062853142619133,0.060707610100507736,0.000302605185424909,0.017942307516932487,0.013444636017084122,0.001836566487327218,Clarinet
5de123c3.wav,Clarinet,3.34,0.02893132157623768,2.0296781144679699e-07,0.0009808491449803114,0.9202421307563782,0.00018335382628720254,0.009886901825666428,2.184390950787929e-06,0.017509063705801964,0.00578660424798727,0.016477391123771667,Clarinet
19105b8a.wav,Clarinet,4.82,0.03142664209008217,0.00036951154470443726,0.020092234015464783,0.8530150055885315,0.0040778168477118015,0.037425581365823746,0.0005086641176603734,0.02901938371360302,0.015677209943532944,0.008387780748307705,Clarinet
a64a3740.wav,Clarinet,6.7,0.00012298986257519573,5.408330252976157e-05,0.0009735861094668508,0.9062464237213135,1.6755855540395714e-05,0.060697685927152634,0.0009134426945820451,0.004610136616975069,0.006565199699252844,0.019799742847681046,Clarinet
5506629f.wav,Clarinet,2.48,0.0025619855150580406,0.0007154758786782622,0.06597670912742615,0.8085233569145203,0.016420681029558182,0.028521118685603142,0.015565857291221619,0.02664521336555481,0.02268935553729534,0.012380153872072697,Clarinet
740e5bb7.wav,Clarinet,11.1,0.009703939780592918,0.012829393148422241,0.0682920441031456,0.7585617899894714,0.05146482586860657,0.031158162280917168,0.010514010675251484,0.01538004633039236,0.0060320100747048855,0.03606380522251129,Clarinet
8916ffcd.wav,Clarinet,4.6,0.005907522980123758,4.3605353702846905e-13,1.2877944755018689e-05,0.9731386303901672,1.4661393834103364e-05,0.0057513536885380745,3.8575990059395093e-16,0.015131945721805096,5.966248863842338e-06,3.688297147164121e-05,Clarinet
7eb959ec.wav,Clarinet,8.52,0.01992190256714821,0.0004824688076041639,0.0063429586589336395,0.9120601415634155,0.008058029226958752,0.014059740118682384,0.007841139100492,0.013234117068350315,0.0063313450664281845,0.011668119579553604,Clarinet
a053797b.wav,Clarinet,5.46,0.38444340229034424,6.886294272590021e-07,0.0002575982070993632,0.5806149244308472,0.000568748451769352,0.001242031459696591,2.3560142281553453e-08,0.01920984499156475,0.01178497914224863,0.0018778450321406126,Clarinet
dc981a38.wav,Clarinet,6.82,0.05924302339553833,0.0003720966342370957,0.03271649777889252,0.5724212527275085,0.013713176362216473,0.25993454456329346,0.0006533696432597935,0.026280436664819717,0.007259503472596407,0.02740614488720894,Clarinet
2fc00271.wav,Clarinet,4.2,0.001444430323317647,0.0002391690795775503,0.0027237299364060163,0.8996655344963074,0.0009094023844227195,0.009046380408108234,0.0342283733189106,0.016436908394098282,0.025455426424741745,0.009850648231804371,Clarinet
3c713bcf.wav,Clarinet,6.14,0.00022802644525654614,0.0001972595346160233,0.012267140671610832,0.953916609287262,0.010253899730741978,0.005505930166691542,0.004894498735666275,0.008434969000518322,0.002343768486753106,0.0019579788204282522,Clarinet
f2310f0d.wav,Clarinet,12.5,0.13100619614124298,0.015652569010853767,0.013458081521093845,0.7616543769836426,0.0037633648607879877,0.0062948535196483135,0.0006980075850151479,0.015091083943843842,0.012648380361497402,0.03973310440778732,Clarinet
